"egt","att.egt","se.egt","lowci","highci"
-2,-3.95412246512086,2.55450103675116,-8.96085249562337,1.05260756538165
0,-6.33473411360446,5.77843432450808,-17.6602572766703,4.99078904946141
1,-11.0479777390048,4.18188709943496,-19.24432584131,-2.85162963669963
2,-14.39480495339,4.10819869211137,-22.4467264312629,-6.34288347551719
