"egt","att.egt","se.egt","lowci","highci"
-2,-3.0628199450015,1.10687701878911,-5.64839489932121,-0.477244990681782
0,-0.366697726499031,1.16016924831344,-3.0767590072841,2.34336355428604
1,0.00924591129468158,1.12179644772932,-2.61117961914664,2.629671441736
2,-0.554206144271004,1.01846130532455,-2.93324916196024,1.82483687341824
