"egt","att.egt","se.egt","lowci","highci"
-2,-14.5940366119345,3.75535215094862,-21.9543915770588,-7.2336816468102
1,2.25046340386785,3.11671139445884,-3.85817867947709,8.35910548721278
2,6.35574156068061,3.06390447321523,0.350599141107589,12.3608839802536
