"egt","att.egt","se.egt","lowci","highci"
-2,-3.09250564261711,1.8878395207607,-7.00412827303251,0.81911698779828
1,-4.79759099652011,2.57491084691054,-10.1328323818783,0.537650388838135
2,-5.40463723572143,2.70758129724215,-11.0147731394948,0.205498668051932
