"egt","att.egt","se.egt","lowci","highci"
-2,-0.163043716454831,0.748785309149,-1.86655600465188,1.54046857174221
0,-11.5011013704705,2.11745949210574,-16.3183944189427,-6.68380832199825
1,-3.79972165336889,1.26704499811724,-6.68229252865007,-0.917150778087702
2,-2.08459140652699,1.21140107252049,-4.84057044051615,0.671387627462171
