"egt","att.egt","se.egt","lowci","highci"
-2,-1.17029739302995,1.59372976960187,-4.37744583666398,2.03685105060407
1,-4.59135662367972,1.60984531369172,-7.83093524659,-1.35177800076945
2,-1.98684501233302,1.8154424362084,-5.64015782285261,1.66646779818657
