"egt","att.egt","se.egt","lowci","highci"
-2,0.504347395906995,1.25732760566732,-2.44836398302786,3.45705877484185
1,-1.69668437646768,1.52868696617889,-5.28665677468776,1.8932880217524
2,-0.258006039973134,1.32613241516527,-3.37229881027673,2.85628673033046
