"egt","att.egt","se.egt","lowci","highci"
-2,1.19480441970114,0.908237542336636,-1.05216381822126,3.44177265762354
0,-0.746914131758416,1.18328126216024,-3.6743370675715,2.18050880405467
1,-0.33157954678735,0.891771384304896,-2.53781071717701,1.87465162360231
2,-0.215527251428303,1.04515432965545,-2.80122589632358,2.37017139346698
