"egt","att.egt","se.egt","lowci","highci"
-2,1.14134690391268,2.91982011103828,-4.99995538301946,7.28264919084481
1,-10.6037101949709,2.8206289612866,-16.5363822198843,-4.67103817005747
2,-15.7916511898164,3.52293990137303,-23.2015045541502,-8.38179782548253
