"egt","att.egt","se.egt","lowci","highci"
-2,1.8169766883465,1.16365773316938,-0.997793765450968,4.63174714214397
0,-1.66946234695585,1.25519641004846,-4.70565560895069,1.366730915039
1,-3.39233487284007,1.4373946934328,-6.86924736883688,0.0845776231567426
2,-3.25785998840607,1.21027905754526,-6.185402714178,-0.330317262634146
