"egt","att.egt","se.egt","lowci","highci"
-2,-1.01962528404267,0.350002908609986,-1.84504592994611,-0.194204638139225
0,-2.32295854818838,0.641989305957814,-3.83697804503002,-0.808939051346731
1,-0.611598714556532,0.612450596023649,-2.05595633021598,0.832758901102914
2,-0.480838621300774,0.69846000714737,-2.12803439040718,1.16635714780564
