"egt","att.egt","se.egt","lowci","highci"
-2,1.35850970112343,0.383703261529929,0.496069593830526,2.22094980841633
0,-2.73180338534057,0.754175622547533,-4.42694483979196,-1.03666193088919
1,-1.2547716037415,0.433244014251184,-2.228563206776,-0.28098000070699
2,-0.5418671041733,0.525008684309817,-1.72191583302817,0.638181624681575
