"egt","att.egt","se.egt","lowci","highci"
-2,-0.354319178843262,0.582856788145155,-1.63683499491008,0.928196637223557
1,-1.52287235813817,1.44519513355721,-4.70287412493294,1.65712940865661
2,-1.57593740184908,0.871717197978311,-3.49406054338863,0.342185739690464
