"egt","att.egt","se.egt","lowci","highci"
-2,0.840426868480357,0.324665645247335,0.147426030383405,1.53342770657731
1,-0.385567309891425,0.420653931323105,-1.28345574133791,0.512321121555056
2,1.64032325256557,0.965837255552622,-0.421262373635579,3.70190887876671
