"egt","att.egt","se.egt","lowci","highci"
-2,0.289211502116739,1.40109165891328,-2.86050615309261,3.43892915732609
0,-0.309751664064737,1.39200412898798,-3.43904013945144,2.81953681132196
1,-3.86087945714306,1.51471574474145,-7.26602921553657,-0.455729698749543
2,-2.66049396257008,2.23566286339799,-7.68636557285592,2.36537764771577
