"egt","att.egt","se.egt","lowci","highci"
-2,-2.93590423806257,2.69479159162859,-8.79598089185391,2.92417241572877
0,0.251973084240926,2.74406427266937,-5.71525162832193,6.21919779680379
1,-4.14372452328219,2.69641622717362,-10.0073340991956,1.71988505263119
2,-2.17162611103876,3.42967929449204,-9.62978488891223,5.28653266683471
