"egt","att.egt","se.egt","lowci","highci"
-2,-0.11282381878943,4.28971289558287,-9.66442028518302,9.43877264760416
0,-4.2195168050485,2.64129052009298,-10.1006892313936,1.66165562129662
1,-5.36200990993584,2.61672019304736,-11.1884733488266,0.464453528954948
2,-4.34437685090721,3.01723322209899,-11.0626339660073,2.37388026419285
