"egt","att.egt","se.egt","lowci","highci"
-2,-0.406153183493726,1.01350160708064,-2.5981297290378,1.78582336205034
1,5.25729994235335,4.53801428278868,-4.55740661728345,15.0720065019902
2,-2.67282411818194,1.63528702095758,-6.20958298479758,0.8639347484337
