"egt","att.egt","se.egt","lowci","highci"
-2,3.46974195336169,3.05583787652501,-3.06375245357067,10.0032363602941
0,-4.13635357244774,1.66699531170806,-7.70045120638776,-0.572255938507726
1,-2.60094377863386,2.78398646818254,-8.55320981950448,3.35132226223677
2,-2.17097092281873,2.44239268544019,-7.39289682158472,3.05095497594726
