"egt","att.egt","se.egt","lowci","highci"
-2,-3.53895167643993,1.85629676752378,-7.92291906842706,0.845015715547212
1,-0.463492417060626,1.71827445994045,-4.52149614504844,3.59451131092719
2,0.820191200255013,1.58301714048426,-2.91837886367783,4.55876126418786
