"egt","att.egt","se.egt","lowci","highci"
-2,-0.00837964630255633,0.379295755647906,-0.90728555079264,0.890526258187528
0,-6.69224638207588,0.914765798301488,-8.86018094257255,-4.52431182157922
1,-1.32733782622629,0.36527473157436,-2.19301482915595,-0.461660823296619
2,-1.46581245557848,0.41143077452796,-2.44087623365942,-0.490748677497543
