"egt","att.egt","se.egt","lowci","highci"
-2,-2.28505496908524,1.54351011790424,-5.93254183181006,1.36243189363958
0,2.09708130859194,2.17690270771492,-3.04718301187873,7.24134562906262
1,-0.938222800003994,2.25903875368585,-6.27658377404367,4.40013817403568
2,0.159221515958606,2.5415072718227,-5.84664412623086,6.16508715814807
