"egt","att.egt","se.egt","lowci","highci"
-2,3.46766863705255,2.93669560433168,-2.6289375027623,9.5642747768674
1,-0.380649900908023,1.17506040141167,-2.8200857237195,2.05878592190346
2,-2.54887906704251,1.21657115299803,-5.07449157858414,-0.023266555500876
