"egt","att.egt","se.egt","lowci","highci"
-2,7.32167844559872,1.86152039864231,3.46311801036591,11.1802388808315
1,-4.16660774772233,2.27188283196153,-8.87576764480699,0.54255214936233
2,-0.383592308688552,1.88378492376595,-4.28830266299502,3.52111804561791
