"egt","att.egt","se.egt","lowci","highci"
-2,1.57019953901505,0.916782149071876,-0.518716946750049,3.65911602478015
1,-1.23001807343046,1.06006504637794,-3.64540907292147,1.18537292606055
2,0.46834145917896,1.27638840815985,-2.43994901172936,3.37663193008728
