"egt","att.egt","se.egt","lowci","highci"
-2,1.06086965859933,1.13465558358438,-1.47613268948998,3.59787200668864
1,-4.43718617476221,1.07548172646441,-6.84188034349667,-2.03249200602775
2,-4.09306852934284,1.3085014221642,-7.01877676057716,-1.16736029810853
