"egt","att.egt","se.egt","lowci","highci"
-2,1.98925516223854,0.710124826071921,0.486436307031658,3.49207401744542
1,-4.1469605893074,0.775103492126597,-5.78729211967777,-2.50662905893703
2,-1.19121472781171,0.997609236081422,-3.30242942566238,0.919999970038969
