"egt","att.egt","se.egt","lowci","highci"
-2,0.121706634205497,1.16699191889994,-2.40434764703046,2.64776091544145
1,-2.97671121813702,1.01072385710641,-5.16450985242205,-0.788912583851981
2,-2.61676908631711,1.15994078148684,-5.12756057475949,-0.10597759787473
