"egt","att.egt","se.egt","lowci","highci"
-2,-3.68332869436534,1.29231782704402,-6.6307705452333,-0.735886843497381
1,-1.40342492206276,1.61466575164671,-5.08605880048915,2.27920895636364
2,-0.138194774930369,1.92595363035281,-4.53079558421998,4.25440603435924
