"egt","att.egt","se.egt","lowci","highci"
-2,-1.24652778931728,2.5500472860996,-6.2445286289466,3.75147305031204
0,-29.5040474327324,3.31055182285892,-35.9926097744893,-23.0154850909754
1,-8.44898561736391,1.03514625057481,-10.4778349872222,-6.42013624750561
2,-2.51061428762533,3.79497050734424,-9.94861980441173,4.92739122916107
