"egt","att.egt","se.egt","lowci","highci"
-2,0.0873449774522877,0.33409249518027,-0.713159399664611,0.887849354569186
0,-9.68954328615915,0.937268139977187,-11.935290375387,-7.44379619693133
1,-3.57111786390179,0.375697614978145,-4.47131044410359,-2.67092528369999
2,-3.24974031568805,0.351258712783305,-4.09137591403264,-2.40810471734346
