"egt","att.egt","se.egt","lowci","highci"
-2,1.89741311658951,0.566483374616586,0.62765289493101,3.16717333824801
0,-2.18324314367815,1.30146086407574,-5.10043949805866,0.733953210702365
1,-4.12637331743155,2.01930816588377,-8.6526088597276,0.399862224864488
2,-3.24723699469662,1.51565744189612,-6.64455034159394,0.150076352200709
