"egt","att.egt","se.egt","lowci","highci"
-2,-2.98686172511042,1.978421311149,-7.02167854923883,1.04795509901799
0,-15.3911299079233,1.79553516364496,-19.0529664670844,-11.7292933487622
1,-1.00607220641352,1.85338043002663,-4.78587911530636,2.77373470247932
2,-3.66108189543111,1.19674777732892,-6.101744073398,-1.22041971746423
