"egt","att.egt","se.egt","lowci","highci"
-2,-2.26696034681393,1.396736583961,-5.2760675627025,0.742146869074638
0,-14.7180595248113,2.07913892127883,-19.1973235483199,-10.2387955013026
1,-0.824583627493368,1.02972443946457,-3.04300568126567,1.39383842627893
2,-2.24454399441751,0.673534322615891,-3.69559569135558,-0.793492297479434
