"egt","att.egt","se.egt","lowci","highci"
-2,-0.192206403648965,0.311325601869017,-0.832928390498245,0.448515583200315
1,-3.41545821879691,0.398882179154411,-4.23637555040176,-2.59454088719207
2,-1.06331653848709,0.442204714945944,-1.97339358275629,-0.153239494217888
