"egt","att.egt","se.egt","lowci","highci"
-2,0.106399488335881,0.378086396871089,-0.775852906475258,0.98865188314702
1,-3.88171593555835,0.368580739354721,-4.74178718559021,-3.02164468552648
2,-2.98501460053437,0.314124312900816,-3.71801353839259,-2.25201566267615
