"egt","att.egt","se.egt","lowci","highci"
-2,-2.80402506214543,2.17219527743031,-7.06144957329683,1.45339944900598
1,-2.15872936137098,1.99054677927433,-6.06012935829086,1.74267063554891
2,-3.37757533752706,1.31980673199029,-5.96434899878153,-0.790801676272577
