"egt","att.egt","se.egt","lowci","highci"
-2,-3.8917223688817,3.49026368652433,-11.2172267896002,3.43378205183681
0,-1.12643391925653,2.99535231015886,-7.41319863402478,5.16033079551172
1,-3.71404656022156,1.78751364704632,-7.465751388166,0.0376582677228878
2,0.524999286723641,1.57466960551401,-2.77997999060166,3.82997856404894
