"egt","att.egt","se.egt","lowci","highci"
-2,0.876304213567419,1.36153227842249,-2.14804907844443,3.90065750557927
1,-6.85771808377201,3.43244881745052,-14.4821703609859,0.766734193441921
2,-5.06061497125023,3.54200607341302,-12.9284253039323,2.80719536143181
