"egt","att.egt","se.egt","lowci","highci"
-2,0.00857958288707368,0.40155134539343,-0.92500898163533,0.942168147409477
1,-1.56308707691372,0.337002562170457,-2.34660266431346,-0.779571489513979
2,-1.30582818857993,0.404962903917718,-2.24734847108065,-0.364307906079213
