"egt","att.egt","se.egt","lowci","highci"
-2,-0.217247243592941,1.71380828361131,-4.2300723458641,3.79557785867821
1,-1.78925353483234,1.80419929548273,-6.01372618538876,2.43521911572409
2,1.22127334243001,1.66809282983632,-2.68451054512402,5.12705722998404
