"egt","att.egt","se.egt","lowci","highci"
-2,-0.984858707727366,1.68671491629117,-4.44894836181596,2.47923094636123
0,-1.0488307476956,1.56454415669849,-4.26201228432489,2.1643507889337
1,-4.60734209868596,1.53658673667499,-7.76310610226148,-1.45157809511044
2,-2.67526598061209,1.77878224506586,-6.32843885084325,0.97790688961908
