"egt","att.egt","se.egt","lowci","highci"
-2,-0.194005712861769,0.989522559388076,-2.53590579713439,2.14789437141085
1,-2.77463543846508,0.922132734138033,-4.95704422470223,-0.592226652227939
2,-2.23928603569485,1.25665785984715,-5.2134144372725,0.734842365882798
