"egt","att.egt","se.egt","lowci","highci"
-2,1.60457187032365,1.8197929972186,-2.62738304262147,5.83652678326876
0,0.285356700895115,2.38630399181158,-5.26402771665269,5.83474111844292
1,1.3055581676517,2.2275414821616,-3.87462173942066,6.48573807472407
2,2.88971678596093,2.16676313478573,-2.14912219597813,7.9285557679
