"egt","att.egt","se.egt","lowci","highci"
-2,-0.44685998622632,1.21892263638472,-3.31713996430218,2.42341999184955
1,0.429618622192241,1.33612300793737,-2.71664103650419,3.57587828088867
2,4.35551048333788,1.63429415641876,0.507126955595585,8.20389401108018
