"egt","att.egt","se.egt","lowci","highci"
-2,0.807040268682512,1.14752746245352,-1.65120069125313,3.26528122861816
0,-19.0858717427884,3.55901078344179,-26.7100083068087,-11.4617351787682
1,2.12483995750871,4.12116680170853,-6.70355096659717,10.9532308816146
2,-3.96588170591606,1.59206863408775,-7.3764217194644,-0.555341692367727
