"egt","att.egt","se.egt","lowci","highci"
-2,2.00259068033181,2.57299774710297,-3.77533912057879,7.78052048124242
0,-3.28887289751318,1.91291123370555,-7.58451086927921,1.00676507425286
1,-3.35849834869003,3.83160576391265,-11.962761276467,5.24576457908694
2,-6.44315601728548,4.09110992211239,-15.6301620939092,2.74385005933826
