"egt","att.egt","se.egt","lowci","highci"
-2,-1.24594808842986,2.15589509953009,-5.47142483795523,2.9795286610955
0,0.0508547846892053,1.91245356348715,-3.69748532185089,3.7991948912293
1,0.573132458216874,3.15281720649089,-5.60627571634345,6.7525406327772
2,3.65876364952811,2.45704913104215,-1.15696415555994,8.47449145461616
