"egt","att.egt","se.egt","lowci","highci"
-2,-0.838329421411498,3.33723194310932,-7.37918383796239,5.70252499513939
1,-8.10360424737907,4.10744752458417,-16.1540534639522,-0.053155030805895
2,-5.17527573445832,3.94513399932783,-12.9075962873253,2.55704481840869
