"egt","att.egt","se.egt","lowci","highci"
-2,3.99396814669711,1.61212096216766,0.405736540389984,7.58219975300425
1,-5.94914943157482,2.78030459931037,-12.1375044449556,0.239205581806011
2,-2.56453282793339,2.52116286148874,-8.17609453858672,3.04702888271993
