"egt","att.egt","se.egt","lowci","highci"
-2,1.06885302085694,1.02749351247171,-1.25800811389687,3.39571415561075
0,-9.83906942503275,2.40720220274603,-15.290417955292,-4.38772089477354
1,-4.03595439981496,1.17437159022491,-6.69543553316043,-1.3764732664695
2,-2.91932818828701,1.45761362007963,-6.22023903675768,0.381582660183658
