"egt","att.egt","se.egt","lowci","highci"
-2,-0.291396887111858,0.300993437871477,-0.989549775995508,0.406756001771792
0,-9.80252435087385,0.986370472942255,-12.0904061069147,-7.514642594833
1,-3.07431621034221,0.365546944455384,-3.9222006595809,-2.22643176110352
2,-1.08963959785298,0.405497982510529,-2.03019029533064,-0.149088900375316
