"egt","att.egt","se.egt","lowci","highci"
-2,1.63106030078369,0.378988269713077,0.7953951231886,2.46672547837877
1,-1.36721474267477,0.419010001844735,-2.29112742174209,-0.443302063607447
2,-1.15903669013799,0.472276452338411,-2.200401336374,-0.11767204390198
