"egt","att.egt","se.egt","lowci","highci"
-2,0.996097405245649,0.315311251090834,0.288055620736476,1.70413918975482
0,-3.36087734069288,0.849914405779974,-5.26938809147211,-1.45236658991365
1,-0.824140567904831,0.444786993046852,-1.82292438926818,0.17464325345852
2,1.69098750765987,0.915373156477071,-0.364513020664476,3.74648803598421
