"egt","att.egt","se.egt","lowci","highci"
-2,-0.343548568453336,0.543939968780133,-1.60708026509448,0.919983128187805
0,-9.14275584061653,2.0310753405007,-13.8607913193187,-4.42472036191433
1,-1.73524960362608,1.33735550936784,-4.84182601416921,1.37132680691705
2,-1.01380140228139,0.745345309133386,-2.74518257867274,0.717579774109966
