"egt","att.egt","se.egt","lowci","highci"
-2,-0.711023544026362,1.34434219378491,-3.50776047193141,2.08571338387869
1,1.65671636444052,2.21178547882365,-2.9446285563899,6.25806128527095
2,-0.204759573368208,2.31122351053729,-5.01297296609325,4.60345381935683
