"egt","att.egt","se.egt","lowci","highci"
-2,-0.940618285166805,0.991653318081665,-3.20862181306771,1.3273852427341
0,-0.691860721594338,1.01186652781494,-3.00609374336105,1.62237230017237
1,-0.904158483779843,1.19032984123742,-3.62655373025031,1.81823676269062
2,-0.280051463772326,1.43305440805972,-3.55758040850553,2.99747748096088
