"egt","att.egt","se.egt","lowci","highci"
-2,-2.28977486816995,1.21087451119991,-4.83395858291934,0.254408846579433
1,-0.897185968441966,0.898674793504204,-2.78540291688815,0.991030980004217
2,-1.45115934118831,0.762082945055532,-3.05238143329198,0.150062750915368
