"egt","att.egt","se.egt","lowci","highci"
-2,0.052043726099058,1.28603949699307,-2.79174156826091,2.89582902045903
0,-5.7934541747088,1.77872532289199,-9.72670266962122,-1.86020567979639
1,1.23990834791945,1.1473968893588,-1.2973001969053,3.77711689274419
2,-3.62273116354211,2.29584888918899,-8.6994813912091,1.45401906412488
