"egt","att.egt","se.egt","lowci","highci"
-2,1.89986489027169,0.684582416509406,0.354079620587118,3.44565015995626
0,-1.37946478554831,1.2629264438799,-4.23114932573668,1.47221975464007
1,-4.35591595409126,0.874520050796497,-6.33057989515153,-2.38125201303099
2,-1.73260276788265,0.997627238208547,-3.98524240961041,0.520036873845114
