"egt","att.egt","se.egt","lowci","highci"
-2,0.0666073418329049,1.2303078067947,-2.62414188460719,2.757356568273
0,-18.3488025251731,1.70393927189118,-22.0754091941879,-14.6221958561583
1,-3.13777592865708,0.960610785334436,-5.23868328962286,-1.03686856769131
2,-3.37227257304926,1.43197052576332,-6.50406899277695,-0.240476153321568
