"egt","att.egt","se.egt","lowci","highci"
-2,-1.13058164814826,0.372223776012725,-1.91616284100681,-0.345000455289717
1,-0.591354682985942,0.573688670143298,-1.80212911187464,0.619419745902761
2,-0.660537622537222,0.690347408718731,-2.11752123233631,0.796445987261861
