"egt","att.egt","se.egt","lowci","highci"
-2,-2.09048171342511,1.12234438362007,-4.66523056212871,0.484267135278493
0,1.07521257099555,1.48511856493028,-2.33176960938396,4.48219475137505
1,0.873988479098861,1.38784779475607,-2.30984668226073,4.05782364045845
2,2.34714162470097,1.31521904412634,-0.670077304781985,5.36436055418392
