"egt","att.egt","se.egt","lowci","highci"
-2,1.21903514432318,1.24463897966441,-1.67599883593785,4.1140691245842
0,-3.07945898215074,1.19191288205879,-5.85185190206511,-0.307066062236373
1,-2.84629522185859,1.53120046453712,-6.40787207093146,0.715281627214267
2,-1.58009855047977,1.26465683453596,-4.5216941208982,1.36149701993867
