"egt","att.egt","se.egt","lowci","highci"
-2,-1.24476481346262,0.953683260172533,-3.31369998131166,0.824170354386426
1,0.757737343861593,1.45935781656861,-2.40821600277464,3.92369069049783
2,0.908230128088623,1.22456567434311,-1.7483615253403,3.56482178151754
