"egt","att.egt","se.egt","lowci","highci"
-2,-0.0162397079790324,0.786441241043966,-1.76095742387832,1.72847800792026
1,-3.15825878597206,1.26398822887998,-5.96241317223952,-0.354104399704603
2,-1.96792030004172,1.29266202640818,-4.83568742673866,0.899846826655217
