"egt","att.egt","se.egt","lowci","highci"
-2,0.251179520411778,2.51686280635082,-4.68178093406423,5.18413997488779
1,-8.57645048386576,1.26615691567587,-11.0580724373668,-6.09482853036474
2,-2.41490310362587,3.98762606183277,-10.2305065686314,5.40070036137965
