"egt","att.egt","se.egt","lowci","highci"
-2,-5.62201880270898,1.35864776841764,-8.75684401228005,-2.4871935931379
1,1.26812784038737,1.57997218906273,-2.37736200902629,4.91361768980103
2,0.324355471350992,1.99165612475099,-4.2710179387401,4.91972888144208
