"egt","att.egt","se.egt","lowci","highci"
-2,2.38366606194194,0.597027000663867,1.07370256143111,3.69362956245277
1,-4.73337149470394,1.87462668451833,-8.84657329474318,-0.620169694664711
2,-3.38640672278408,1.48601757750824,-6.64694399411143,-0.125869451456731
